,name,days_from_start,auc
0,Joshua,20.683055555555555,0.58724
1,Joshua,20.95256944444445,0.5937
2,Joshua,21.018541666666668,0.78058
3,Joshua,21.06430555555556,0.79038
4,Joshua,21.462777777777774,0.79695
5,Joshua,34.95701388888889,0.7388
6,Reba,21.996666666666666,0.59336
7,Reba,28.67708333333333,0.72802
8,Reba,28.74430555555556,0.73692
9,Reba,28.835277777777772,0.73739
10,Reba,29.252291666666668,0.74825
11,Reba,29.26888888888889,0.74907
12,Reba,29.51770833333333,0.7439399999999999
13,Reba,29.58541666666667,0.77508
14,Reba,29.64875,0.7760600000000001
15,Reba,29.68,0.78093
16,Reba,29.72027777777777,0.7821
17,Reba,29.81875,0.79314
18,Reba,37.910625,0.79564
19,Reba,37.97388888888889,0.79051
20,Reba,37.98416666666667,0.79051
21,Reba,40.05486111111111,0.78294
22,Reba,40.055972222222216,0.7947
23,Reba,40.05875,0.74516
24,Reba,40.06034722222222,0.78294
25,Reba,40.11138888888889,0.79037
26,Reba,40.12354166666667,0.78881
27,Reba,40.135347222222215,0.7947
28,Reba,40.15111111111111,0.7947
29,Reba,41.174444444444454,0.78258
30,Reba,41.82048611111111,0.7947
31,Reba,42.050416666666656,0.79666
32,Reba,42.43340277777778,0.79489
33,Reba,42.883125,0.78979
34,Mayra,28.19673611111111,0.5037699999999999
35,Mayra,28.20270833333333,0.68897
36,Mayra,32.37972222222222,0.50046
37,Mayra,32.38527777777778,0.5113800000000001
38,Mayra,34.30972222222222,0.49977
39,Mayra,34.31097222222222,0.49763
40,Mayra,34.330416666666665,0.50158
41,Mayra,35.99402777777778,0.70541
42,Mayra,35.99527777777778,0.7054699999999999
43,Mayra,36.020833333333336,0.70392
44,Mayra,36.85458333333333,0.67435
45,Mayra,36.971041666666665,0.6460100000000001
46,Mayra,38.44131944444445,0.6502899999999999
47,Mayra,38.45326388888889,0.684
48,Mayra,38.45555555555556,0.684
49,Mayra,38.45652777777778,0.684
50,Mayra,38.49847222222222,0.684
51,Mayra,38.50291666666666,0.684
52,Mayra,38.75673611111111,0.77715
53,Mayra,38.80479166666667,0.77085
54,Mayra,38.818333333333335,0.78089
55,Mayra,38.83090277777778,0.77832
56,Mayra,39.36708333333333,0.7782600000000001
57,Mayra,39.368472222222216,0.77771
58,Mayra,39.3725,0.78445
59,Mayra,39.37347222222222,0.78308
60,Mayra,39.45847222222222,0.7917
61,Mayra,39.460902777777775,0.78523
62,Mayra,39.461527777777775,0.7734300000000001
63,Mayra,39.665069444444434,0.78622
64,Mayra,39.66715277777778,0.7841
65,Mayra,39.856875,0.7917
66,Mayra,41.056041666666665,0.78156
67,Mayra,41.05625,0.78523
68,Mayra,41.05680555555556,0.79164
69,Mayra,44.85618055555555,0.79164
70,Mayra,44.85652777777778,0.77188
71,Mayra,44.856875,0.78678
72,Mayra,46.719097222222224,0.77855
73,Mayra,46.725347222222226,0.75934
74,Mayra,46.725902777777776,0.78065
75,Mayra,46.938680555555564,0.79395
76,Mayra,46.94041666666666,0.7752
77,Mayra,46.94451388888889,0.7752
78,Mayra,46.94486111111111,0.78478
79,Mayra,47.15159722222222,0.79395
80,Mayra,47.752569444444454,0.78774
81,Mayra,47.75409722222222,0.77064
82,Mayra,47.75951388888889,0.78332
83,Mayra,48.06083333333334,0.7859
84,Mayra,48.06166666666667,0.78857
85,Mayra,48.196180555555564,0.77774
86,Mayra,48.19638888888889,0.7732
87,Mayra,48.196805555555564,0.7794300000000001
88,Mayra,50.65458333333334,0.79395
89,Mayra,52.105763888888895,0.7912399999999999
90,Mayra,52.10659722222222,0.78668
91,Mayra,52.120416666666664,0.79059
92,Mayra,52.347986111111105,0.79501
93,Jose,2.0602777777777783,0.5199
94,Jose,2.0667361111111107,0.58313
95,Jose,2.107986111111111,0.56518
96,Jose,2.1283333333333334,0.74673
97,Jose,2.1477083333333336,0.7492
98,Jose,2.1772222222222224,0.74853
99,Jose,2.2160416666666665,0.75069
100,Jose,2.259583333333333,0.7531399999999999
101,Jose,3.2536805555555555,0.74535
102,Jose,3.313333333333333,0.6806
103,Jose,3.3194444444444446,0.54938
104,Jose,3.3565972222222222,0.72144
105,Jose,3.386736111111111,0.7218899999999999
106,Jose,3.4177777777777787,0.73188
107,Jose,27.031805555555554,0.71591
108,Jose,27.11201388888889,0.72195
109,Jose,27.27902777777777,0.69038
110,Jose,27.290138888888887,0.74529
111,Jose,27.29770833333333,0.74529
112,Jose,27.38520833333333,0.74529
113,Jose,28.668055555555554,0.76357
114,Jose,29.38520833333333,0.76051
115,Jose,29.38625,0.23948000000000005
116,Jose,29.472430555555555,0.7492300000000001
117,Jose,29.489791666666665,0.74944
118,Jose,29.588194444444447,0.77395
119,Jose,29.948472222222218,0.50717
120,Jose,29.957569444444445,0.74707
121,Jose,30.836388888888887,0.67101
122,Jose,30.875972222222227,0.6772100000000001
123,Jose,30.889444444444447,0.75605
124,Jose,30.90951388888889,0.6862
125,Jose,30.9125,0.6862
126,Jose,30.935069444444448,0.71707
127,Jose,30.94541666666667,0.5946
128,Jose,30.975486111111113,0.7387699999999999
129,Jose,31.015972222222217,0.7387699999999999
130,Jose,31.074513888888887,0.70239
131,Jose,36.76715277777778,0.7388
132,Jose,40.97895833333333,0.62624
133,Jose,40.99006944444445,0.63786
134,Jose,41.01048611111111,0.6333300000000001
135,Jose,41.168333333333344,0.78615
136,Jose,41.193958333333335,0.78497
137,Jose,41.19777777777778,0.78565
138,Jose,41.19854166666666,0.7853
139,Jose,41.19902777777778,0.78667
140,Jose,41.19965277777778,0.78635
141,Jose,41.20013888888889,0.78554
142,Jose,41.30534722222223,0.79478
143,Jose,41.30583333333333,0.795
144,Jose,42.585902777777775,0.79301
145,Jose,42.59458333333333,0.77877
146,Jose,42.615833333333335,0.77456
147,Jose,43.04791666666666,0.7794
148,Dan,34.41,0.56577
149,Dan,36.942083333333336,0.33476
150,Dan,36.94583333333333,0.33461
151,Dan,36.950555555555546,0.33799
152,Dan,36.953819444444434,0.662
153,Dan,36.95444444444445,0.662
154,Dan,36.965625,0.49252
155,Dan,36.985555555555564,0.64786
156,Dan,36.989652777777785,0.50615
157,Dan,36.99541666666666,0.6662
158,Dan,37.02625,0.67333
159,Dan,37.51,0.64968
160,Dan,49.280972222222225,0.23198
161,Dan,49.28201388888889,0.7680100000000001
162,Dan,50.08666666666666,0.5194300000000001
163,Dan,50.09986111111111,0.5194300000000001
164,Dan,50.11,0.52923
165,Dan,50.112361111111106,0.57462
166,Dan,50.12090277777778,0.5475
167,Dan,50.12854166666666,0.29287
168,Dan,50.13173611111111,0.6924
169,Dan,50.135486111111106,0.64054
170,Dan,50.187847222222224,0.76444
171,Dan,50.21020833333333,0.72392
172,Dan,51.05958333333334,0.762
173,Dan,51.061527777777776,0.77952
174,Dan,51.06458333333333,0.7803800000000001
175,Dan,51.070555555555565,0.78252
176,Dan,51.08104166666666,0.5032300000000001
177,Dan,51.08993055555555,0.7793399999999999
178,Dan,51.09659722222222,0.78252
179,Dan,51.10416666666666,0.7825
180,Dan,51.1375,0.78149
181,Dan,51.14333333333333,0.78386
182,Dan,52.127986111111106,0.78867
183,Dan,52.130625,0.78138
184,Dan,52.134444444444455,0.79413
185,Dan,52.13618055555556,0.76693
186,Dan,52.136875,0.7795
187,Dan,52.138055555555546,0.7855800000000001
188,Dan,52.140972222222224,0.78451
189,Dan,52.14291666666666,0.7783
190,Dan,52.144861111111105,0.79492
191,Dan,52.40256944444446,0.79308
192,Dan,53.325486111111104,0.79338
193,Dan,53.325625,0.79413
194,Dan,53.32590277777778,0.79308
195,Robert,42.01430555555555,0.58515
196,Robert,42.37458333333333,0.74456
197,Robert,42.398402777777775,0.7519399999999999
198,Robert,42.40708333333333,0.76775
199,Robert,42.413263888888885,0.7699199999999999
200,Robert,42.431736111111114,0.77149
201,Robert,42.43298611111111,0.76805
202,Robert,42.439791666666665,0.77266
203,Robert,42.45104166666667,0.77194
204,Robert,42.47055555555556,0.77008
205,Robert,42.83152777777778,0.7761100000000001
206,Robert,42.833680555555546,0.77285
207,Robert,42.835625,0.77896
208,Robert,42.850625,0.77345
209,Robert,42.86305555555556,0.7719699999999999
210,Robert,42.89145833333333,0.79462
211,Robert,42.93277777777778,0.79384
212,Robert,43.03111111111111,0.7948
213,Robert,43.03729166666667,0.7883600000000001
214,Robert,43.03979166666666,0.7948
215,Jeffrey,31.91923611111111,0.58418
216,Jeffrey,40.670208333333335,0.58681
217,Jeffrey,41.196944444444455,0.7669699999999999
218,Jeffrey,41.234930555555565,0.77265
219,Jeffrey,42.258402777777775,0.78256
220,Jeffrey,42.364375,0.78113
221,Jeffrey,42.412638888888885,0.7791399999999999
222,Jeffrey,42.49569444444445,0.78177
223,Jeffrey,42.49597222222222,0.77918
224,Jeffrey,42.49625,0.74087
225,Jeffrey,42.525,0.77857
226,Jeffrey,42.545,0.77961
227,Jeffrey,42.549375,0.7800699999999999
228,Jeffrey,42.90180555555556,0.7800699999999999
229,Jeffrey,42.923541666666665,0.50053
230,Jeffrey,42.943958333333335,0.79448
231,Ethel,29.785972222222227,0.72802
232,Ethel,31.139652777777773,0.7684300000000001
233,Ethel,31.873819444444447,0.77048
234,Ethel,31.935347222222227,0.7823399999999999
235,Ethel,31.98993055555556,0.7865300000000001
236,Ethel,32.07743055555556,0.78486
237,Ethel,32.476597222222225,0.78683
238,Ethel,32.754375,0.78308
239,Ethel,34.431805555555556,0.7898
240,Ethel,34.44347222222222,0.71905
241,Ethel,34.459513888888885,0.79013
242,Ethel,34.467847222222225,0.79027
243,Ethel,35.113680555555554,0.78886
244,Ethel,35.12083333333333,0.79435
245,Ethel,35.130625,0.78874
246,Ethel,35.14138888888889,0.7933399999999999
247,Ethel,36.455416666666665,0.79065
248,Ethel,36.78138888888889,0.79351
249,Ethel,36.9175,0.79015
250,Ethel,36.95854166666667,0.78874
251,Ethel,36.968125,0.78876
252,Ethel,37.01805555555556,0.78764
253,Ethel,37.46472222222222,0.7912600000000001
254,Ethel,37.50569444444445,0.79135
255,Ethel,37.55486111111111,0.79033
256,Ethel,37.6225,0.7508199999999999
257,Ethel,38.95326388888889,0.78996
258,Ethel,38.955347222222215,0.79115
259,Ethel,38.976597222222225,0.79115
260,Ethel,39.74895833333333,0.79115
261,Ethel,39.81923611111111,0.79115
262,Ethel,39.852916666666665,0.7885300000000001
263,Ethel,40.01875,0.7890199999999999
264,Ethel,40.979444444444454,0.7943
265,Kimberly,36.091388888888886,0.71527
266,Kimberly,36.107638888888886,0.68003
267,Kimberly,36.13291666666667,0.71822
268,Kimberly,36.6,0.67176
269,Kimberly,36.60986111111111,0.64628
270,Kimberly,36.70736111111111,0.52071
271,Kimberly,37.03048611111111,0.66597
272,Kimberly,38.80069444444445,0.6600699999999999
273,Kimberly,38.80583333333333,0.65601
274,Kimberly,41.03694444444445,0.68188
275,Kimberly,41.05965277777778,0.66154
276,Kimberly,41.07145833333333,0.68179
277,Kimberly,50.76194444444446,0.7074699999999999
278,Kimberly,50.768263888888896,0.7942
279,Kimberly,50.797152777777775,0.76842
280,Kimberly,51.05770833333333,0.76758
281,David,41.764444444444436,0.7652100000000001
282,David,42.14666666666667,0.78614
283,David,42.240833333333335,0.7842600000000001
284,David,42.50333333333333,0.7884899999999999
285,David,42.50888888888889,0.7873
286,David,42.944722222222225,0.79303
287,David,42.962152777777774,0.77784
288,David,42.977777777777774,0.79408
289,Debra,21.034583333333334,0.59235
290,Debra,29.751666666666665,0.5857399999999999
291,Debra,29.973541666666666,0.58723
292,Debra,29.977013888888887,0.58738
293,Debra,29.999027777777773,0.75484
294,Debra,30.981597222222227,0.7641600000000001
295,Debra,31.000138888888888,0.7884800000000001
296,Debra,31.042986111111112,0.7880699999999999
297,Debra,31.165416666666665,0.78841
298,Debra,31.303402777777773,0.7830199999999999
299,Debra,31.31951388888889,0.79398
300,Debra,41.09326388888889,0.7388
301,Debra,41.094930555555564,0.79398
302,Thomas,27.354027777777773,0.59109
303,Thomas,28.254722222222227,0.59339
304,Thomas,28.288194444444446,0.5
305,Thomas,29.33541666666667,0.57085
306,Thomas,29.36979166666667,0.68882
307,Thomas,29.384166666666665,0.6813100000000001
308,Thomas,29.553125,0.76499
309,Thomas,29.57625,0.77232
310,Thomas,29.64,0.7823100000000001
311,Thomas,29.70402777777777,0.7853600000000001
312,Thomas,29.899930555555557,0.78566
313,Thomas,30.964652777777783,0.7864
314,Thomas,30.977222222222228,0.78717
315,Thomas,30.99916666666667,0.78606
316,Thomas,31.005,0.7863100000000001
317,Thomas,31.006736111111113,0.78541
318,Thomas,31.007986111111112,0.78466
319,Thomas,31.00923611111111,0.7852399999999999
320,Thomas,31.017222222222227,0.78454
321,Thomas,31.018680555555555,0.78459
322,Thomas,42.43604166666667,0.78571
323,Thomas,42.448125,0.78254
324,Thomas,42.45229166666667,0.78472
325,Thomas,42.46111111111111,0.79022
326,Thomas,42.46444444444445,0.79348
327,Thomas,42.47895833333333,0.7925300000000001
328,Thomas,42.47986111111111,0.79273
329,Thomas,42.48118055555555,0.79303
330,Thomas,42.485486111111115,0.79299
331,Thomas,42.48625,0.79303
332,Ruth,4.887638888888889,0.67569
333,Ruth,7.245,0.72011
334,Ruth,7.2536805555555555,0.7209899999999999
335,Ruth,7.272083333333334,0.7277899999999999
336,Ruth,24.35916666666667,0.76808
337,Ruth,26.216875,0.78155
338,Ruth,26.222569444444453,0.78159
339,Ruth,27.484513888888888,0.7802399999999999
340,Ruth,27.49208333333333,0.78203
341,Ruth,27.498402777777773,0.7831899999999999
342,Ruth,28.695486111111112,0.77552
343,Ruth,28.70923611111111,0.77552
344,Ruth,28.745277777777773,0.78382
345,Ruth,28.751944444444447,0.78173
346,Ruth,30.00284722222223,0.78075
347,Ruth,30.949375,0.78384
348,Ruth,30.971805555555555,0.78685
349,Ruth,31.075555555555557,0.7871
350,Ruth,36.56597222222222,0.72978
351,Ruth,38.000416666666666,0.7933600000000001
352,Ruth,43.441875,0.7933600000000001
353,Kenneth,30.513194444444448,0.72006
354,Kenneth,30.589236111111113,0.72721
355,Kenneth,30.70576388888889,0.75842
356,Kenneth,30.733402777777773,0.7754800000000001
357,Kenneth,30.853055555555557,0.77357
358,Kenneth,30.87743055555556,0.7790699999999999
359,Kenneth,30.894444444444453,0.78171
360,Kenneth,30.92784722222223,0.7843399999999999
361,Kenneth,30.99125,0.78289
362,Kenneth,31.01645833333333,0.79325
363,Daniel,27.316180555555555,0.74052
364,Daniel,33.83611111111111,0.79319
365,Harvey,2.3775694444444446,0.59311
366,Harvey,3.102013888888889,0.70516
367,Harvey,3.615486111111111,0.76371
368,Harvey,3.780069444444445,0.7762899999999999
369,Harvey,4.2657638888888885,0.7701
370,Harvey,4.4115972222222215,0.78608
371,Harvey,4.781875,0.7860699999999999
372,Harvey,4.81125,0.7883600000000001
373,Harvey,36.736666666666665,0.73517
374,Harvey,39.999305555555566,0.78585
375,Harvey,40.08020833333333,0.77871
376,Harvey,41.09791666666667,0.79197
377,Harvey,41.680625,0.75497
378,Harvey,41.715625,0.7883399999999999
379,Harvey,41.72722222222223,0.79197
380,Harvey,42.02986111111111,0.7898
381,Harvey,42.334305555555545,0.79281
382,Harvey,42.36090277777778,0.78814
383,Harvey,42.415416666666665,0.7318399999999999
384,Leo,42.383194444444435,0.7871
385,Leo,42.56493055555556,0.7613800000000001
386,Leo,42.99680555555555,0.67055
387,Leo,42.999027777777776,0.58945
388,Leo,43.00708333333333,0.76381
389,Leo,43.007777777777775,0.76255
390,Leo,43.00888888888889,0.78281
391,Leo,43.01083333333333,0.78935
392,Leo,43.01743055555556,0.7925
393,Leo,43.02270833333333,0.7923
394,Leo,43.04125,0.79275
395,Andrea,4.349305555555556,0.76461
396,Andrea,26.15208333333333,0.7689699999999999
397,Andrea,26.155625,0.7689699999999999
398,Andrea,26.19416666666667,0.77388
399,Andrea,26.19895833333333,0.7689699999999999
400,Andrea,29.29020833333333,0.77127
401,Andrea,29.311527777777773,0.77127
402,Andrea,29.314375,0.76735
403,Andrea,29.61930555555556,0.77136
404,Andrea,29.890347222222218,0.76561
405,Andrea,31.820694444444445,0.76886
406,Andrea,31.826041666666665,0.7649100000000001
407,Andrea,31.887638888888887,0.7846
408,Andrea,32.11784722222223,0.7782899999999999
409,Andrea,32.1475,0.74963
410,Andrea,33.74784722222222,0.78259
411,Andrea,34.44076388888889,0.7824
412,Andrea,35.104305555555555,0.76961
413,Andrea,35.14840277777777,0.7751899999999999
414,Andrea,36.57631944444445,0.7850699999999999
415,Andrea,36.59506944444445,0.7850699999999999
416,Andrea,36.606805555555546,0.78366
417,Andrea,36.62576388888889,0.78093
418,Andrea,36.62784722222222,0.78164
419,Andrea,36.65347222222222,0.7751600000000001
420,Andrea,36.84159722222222,0.78136
421,Andrea,36.84326388888889,0.7859
422,Andrea,36.84618055555556,0.78787
423,Andrea,38.36409722222222,0.78787
424,Andrea,38.37,0.7922100000000001
425,Gene,9.427708333333333,0.5018699999999999
426,Gene,9.428888888888887,0.51286
427,Gene,9.802986111111109,0.59235
428,Gene,15.340694444444445,0.79103
429,Gene,16.070069444444446,0.78647
430,Gene,16.151388888888892,0.77375
431,Gene,16.17590277777778,0.79195
432,Gene,16.28673611111111,0.7375
433,Gene,30.93180555555556,0.78578
434,Gene,31.050486111111113,0.79204
435,Gene,41.037638888888885,0.76695
436,Gene,50.623819444444436,0.7690600000000001
437,Gene,50.655347222222225,0.765
438,Gene,50.66069444444446,0.77163
439,Gene,51.20708333333334,0.7784300000000001
440,Richard,28.75270833333333,0.78483
441,Richard,28.75458333333333,0.78473
442,Richard,28.757986111111112,0.78575
443,Richard,28.75923611111111,0.78956
444,Richard,28.761736111111112,0.79179
445,Richard,28.762916666666666,0.79135
446,Ronald,34.056597222222216,0.79161
447,Ronald,34.350138888888885,0.78515
448,Ronald,37.388263888888886,0.79114
449,Ronald,37.56048611111111,0.74893
450,Ronald,42.907430555555564,0.7254
451,Ronald,43.009652777777774,0.76864
452,Ronald,44.76451388888889,0.7369100000000001
453,Jean,3.419930555555556,0.7418600000000001
454,Jean,3.707083333333333,0.7149800000000001
455,Jean,4.700555555555557,0.74665
456,Jean,5.626111111111111,0.78018
457,Jean,5.665069444444446,0.78056
458,Jean,7.011180555555557,0.7887
459,Jean,16.728680555555556,0.78422
460,Jean,16.755277777777778,0.78859
461,Jean,16.761875,0.78393
462,Jean,24.238125,0.7388
463,Jean,26.72645833333333,0.78582
464,Jean,26.739166666666666,0.79113
465,Jean,41.70826388888889,0.7854300000000001
466,Laurette,42.24430555555556,0.64304
467,Laurette,42.36402777777778,0.6223
468,Laurette,42.37888888888889,0.67432
469,Laurette,42.455694444444454,0.7811100000000001
470,Laurette,42.45680555555556,0.79068
471,Laurette,44.76027777777777,0.73525
472,Carla,1.55875,0.7144
473,Carla,1.5623611111111106,0.71728
474,Carla,23.256736111111113,0.7719600000000001
475,Carla,23.258125,0.7722
476,Carla,23.273125,0.78132
477,Carla,30.847222222222218,0.78345
478,Carla,30.85055555555555,0.7872600000000001
479,Carla,30.93583333333333,0.7872600000000001
480,Carla,30.93729166666667,0.77566
481,Carla,30.98993055555556,0.78595
482,Carla,31.09708333333333,0.72058
483,Carla,31.169722222222227,0.77982
484,Carla,41.124097222222225,0.79046
485,Angela,11.993472222222223,0.76118
486,Angela,12.014513888888885,0.7660600000000001
487,Angela,14.78125,0.76783
488,Angela,15.154930555555556,0.77833
489,Angela,20.52888888888889,0.77258
490,Angela,20.843888888888888,0.5042399999999999
491,Angela,20.885902777777773,0.7631
492,Angela,21.364166666666666,0.50995
493,Angela,21.43548611111111,0.74666
494,Angela,21.440416666666668,0.7674300000000001
495,Angela,22.013055555555557,0.74688
496,Angela,22.031180555555554,0.76075
497,Angela,22.043194444444445,0.7571899999999999
498,Angela,29.18930555555556,0.78218
499,Angela,29.253472222222218,0.7581600000000001
500,Angela,29.29138888888889,0.7842399999999999
501,Angela,29.44652777777777,0.78667
502,Angela,29.619930555555552,0.78352
503,Angela,29.854027777777773,0.7549100000000001
504,Angela,29.901875,0.77637
505,Angela,30.61840277777777,0.7904
506,Angela,30.867847222222228,0.78669
507,Angela,30.870347222222218,0.7883
508,Angela,30.879305555555554,0.78179
509,Angela,30.886527777777783,0.78577
510,Angela,30.90138888888889,0.78723
511,Angela,30.990625,0.78342
512,Angela,30.99388888888889,0.78551
513,Angela,31.15493055555556,0.7863
514,Angela,31.158402777777773,0.78247
515,Angela,32.14888888888889,0.76439
516,Angela,32.33375,0.77579
517,Angela,32.354166666666664,0.77815
518,Angela,32.35673611111111,0.77815
519,Angela,32.36222222222222,0.78223
520,Angela,42.406805555555565,0.76831
521,Angela,42.42784722222222,0.7725
522,Margie,5.021458333333333,0.50398
523,Margie,5.0245138888888885,0.50213
524,Margie,5.02625,0.5062800000000001
525,Margie,5.799513888888888,0.5009600000000001
526,Margie,5.8045833333333325,0.50145
527,Margie,31.034375,0.51141
528,Margie,31.050347222222218,0.5022300000000001
529,Margie,38.86645833333333,0.51039
530,Margie,38.899791666666665,0.78991
531,Margie,39.579305555555564,0.66925
532,Margie,39.579791666666665,0.7901600000000001
533,Margie,42.475694444444436,0.78956
534,Emma,34.227986111111115,0.5
535,Emma,34.266041666666666,0.50576
536,Emma,34.26680555555556,0.54724
537,Emma,34.29263888888889,0.5028699999999999
538,Emma,34.302638888888886,0.5028699999999999
539,Emma,34.31736111111111,0.45315
540,Emma,34.318194444444444,0.45315
541,Emma,34.321041666666666,0.463
542,Emma,34.33111111111111,0.70073
543,Emma,34.333125,0.70231
544,Emma,35.82534722222222,0.6514
545,Emma,35.83479166666667,0.6514
546,Emma,35.83604166666667,0.6514
547,Emma,35.84854166666667,0.70363
548,Emma,35.906805555555565,0.7016600000000001
549,Emma,35.908541666666665,0.7005600000000001
550,Emma,35.92173611111111,0.64704
551,Emma,35.923541666666665,0.71834
552,Emma,35.93770833333333,0.67823
553,Emma,35.938125,0.53396
554,Emma,36.326944444444436,0.73421
555,Emma,36.32708333333333,0.7309899999999999
556,Emma,36.37222222222222,0.7199
557,Emma,36.402708333333344,0.66533
558,Emma,36.423819444444455,0.7127899999999999
559,Emma,36.42458333333333,0.72026
560,Emma,36.435833333333335,0.71443
561,Emma,36.945625,0.34639000000000003
562,Emma,36.94597222222223,0.6536
563,Emma,36.94965277777778,0.63798
564,Emma,37.36402777777778,0.77455
565,Emma,37.37965277777778,0.7741100000000001
566,Emma,37.38604166666666,0.77405
567,Emma,37.39388888888889,0.7450600000000001
568,Emma,37.43618055555555,0.78405
569,Emma,37.45458333333333,0.78567
570,Emma,37.46458333333333,0.7829699999999999
571,Emma,37.465625,0.78122
572,Emma,38.986666666666665,0.7834800000000001
573,Emma,38.98722222222222,0.7822
574,Emma,38.99375,0.78347
575,Emma,38.99513888888889,0.77469
576,Emma,39.008611111111115,0.77869
577,Emma,39.011875,0.7507199999999999
578,Emma,39.908194444444455,0.7293
579,Emma,39.91055555555555,0.73756
580,Emma,39.91298611111111,0.74044
581,Emma,39.97298611111111,0.51732
582,Emma,43.476527777777775,0.77984
583,Emma,43.47791666666666,0.7791600000000001
584,Emma,43.508125,0.78503
585,Emma,43.509236111111115,0.78347
586,Emma,43.51055555555556,0.78149
587,Emma,43.51194444444446,0.77558
588,Emma,43.51333333333334,0.78428
589,Emma,43.51916666666666,0.7823100000000001
590,Emma,43.52555555555556,0.7769699999999999
591,Emma,43.52645833333333,0.78252
592,Emma,44.089236111111106,0.7815
593,Emma,44.44222222222222,0.7740100000000001
594,Emma,44.554652777777775,0.77885
595,Emma,44.56145833333333,0.7364
596,Emma,44.59208333333334,0.7702100000000001
597,Emma,44.66263888888889,0.78014
598,Emma,44.66972222222223,0.78486
599,Emma,44.68083333333333,0.77959
600,Emma,44.688055555555565,0.7804399999999999
601,Emma,44.68958333333333,0.7543
602,Emma,45.41041666666667,0.51274
603,Emma,45.41326388888889,0.51197
604,Emma,47.17236111111111,0.7740199999999999
605,Emma,47.176458333333336,0.7772
606,Emma,47.18520833333334,0.77258
607,Emma,47.18541666666667,0.77258
608,Emma,47.185625,0.77258
609,Emma,47.21597222222222,0.79001
610,Emma,47.66041666666667,0.78694
611,Emma,47.67618055555555,0.77012
612,Emma,47.71284722222222,0.78093
613,Logan,2.5173611111111107,0.72626
614,Logan,3.813958333333333,0.74732
615,Logan,3.8171527777777787,0.7411800000000001
616,Logan,4.437916666666666,0.78998
617,Logan,4.551458333333334,0.77694
618,Logan,29.40402777777777,0.73378
619,Logan,32.50826388888889,0.78058
620,Logan,32.53375,0.77871
621,Logan,32.571666666666665,0.7890699999999999
622,Logan,32.630902777777784,0.77859
623,Logan,32.64020833333333,0.7824399999999999
624,Logan,33.55125,0.78528
625,Logan,33.556944444444454,0.78451
626,Logan,33.564097222222216,0.78905
627,Logan,33.56944444444444,0.78943
628,Logan,33.5775,0.78938
629,Logan,33.59652777777778,0.7864800000000001
630,Logan,41.048611111111114,0.7870199999999999
631,Logan,41.14305555555556,0.78537
632,Coreen,0.6715277777777777,0.5166
633,Coreen,0.6733333333333333,0.52237
634,Coreen,0.6791666666666667,0.50712
635,Coreen,0.6802777777777778,0.50178
636,Coreen,0.9818055555555556,0.50093
637,Coreen,0.9847916666666666,0.40583
638,Coreen,1.0775,0.5
639,Coreen,1.0789583333333332,0.26424000000000003
640,Coreen,1.4032638888888889,0.49557
641,Coreen,2.0214583333333334,0.21047
642,Coreen,2.0228472222222216,0.78952
643,Coreen,4.55875,0.77641
644,Coreen,4.5609722222222215,0.76893
645,Coreen,4.5638194444444435,0.77076
646,Coreen,4.570277777777778,0.78996
647,Coreen,37.772638888888885,0.78661
648,Coreen,37.78402777777778,0.78661
649,Elizabeth,28.664930555555557,0.5951
650,Elizabeth,28.692847222222227,0.5959800000000001
651,Elizabeth,28.70020833333333,0.59582
652,Elizabeth,29.32201388888889,0.59649
653,Elizabeth,29.82993055555556,0.78535
654,Elizabeth,30.469444444444445,0.7852899999999999
655,Elizabeth,37.770625,0.77892
656,Elizabeth,37.835625,0.7781600000000001
657,Elizabeth,37.86361111111111,0.7781600000000001
658,Elizabeth,37.86541666666667,0.7781600000000001
659,Elizabeth,38.71909722222223,0.77833
660,Elizabeth,38.80125,0.78357
661,Elizabeth,39.031180555555565,0.77159
662,Elizabeth,39.38701388888889,0.78408
663,Elizabeth,39.431319444444455,0.7853600000000001
664,Elizabeth,39.45277777777777,0.78318
665,Elizabeth,39.539861111111115,0.78504
666,Elizabeth,39.58180555555556,0.78484
667,Elizabeth,39.68402777777778,0.77933
668,Elizabeth,40.73784722222222,0.7854899999999999
669,Elizabeth,40.79326388888889,0.7854899999999999
670,Elizabeth,40.819375,0.78546
671,Elizabeth,40.821875,0.78546
672,Elizabeth,40.893194444444454,0.78046
673,Elizabeth,41.18229166666666,0.78014
674,Elizabeth,41.195694444444435,0.78284
675,Elizabeth,41.232638888888886,0.7857
676,Elizabeth,41.973958333333336,0.7834
677,Elizabeth,41.98027777777778,0.78674
678,Elizabeth,41.98875,0.78669
679,Elizabeth,41.990555555555545,0.78678
680,Elizabeth,41.993472222222216,0.78688
681,Elizabeth,41.99638888888889,0.78693
682,Elizabeth,41.99861111111111,0.78686
683,Elizabeth,42.000625,0.78689
684,Elizabeth,42.01013888888889,0.7869
685,Elizabeth,42.01236111111111,0.78693
686,Elizabeth,42.816041666666656,0.78279
687,Elizabeth,42.818263888888886,0.78693
688,Elizabeth,42.82340277777778,0.78773
689,Elizabeth,42.872708333333335,0.7881199999999999
690,Elizabeth,42.88166666666667,0.78865
691,Elizabeth,42.96916666666666,0.78847
692,Elizabeth,43.00270833333333,0.78842
693,Floyd,29.421875,0.58715
694,Floyd,30.82729166666667,0.78054
695,Floyd,30.832847222222227,0.78591
696,Floyd,30.846527777777773,0.78843
697,Floyd,30.855347222222218,0.78855
698,Jimmie,39.085347222222225,0.7683300000000001
699,Jimmie,39.87291666666667,0.77582
700,Jimmie,39.915277777777774,0.77664
701,Jimmie,40.01104166666666,0.77433
702,Jimmie,40.022152777777784,0.77161
703,Jimmie,40.09680555555556,0.77517
704,Jimmie,42.398194444444435,0.78362
705,Jimmie,42.437777777777775,0.7836
706,Jimmie,42.43833333333333,0.7793399999999999
707,Jimmie,42.44951388888889,0.78533
708,Jimmie,42.46201388888889,0.7820199999999999
709,Jimmie,42.52666666666666,0.77161
710,Jimmie,42.556666666666665,0.7861100000000001
711,Jimmie,42.56215277777777,0.78069
712,Jimmie,42.565069444444454,0.78286
713,Jimmie,42.570625,0.78551
714,Jimmie,42.931875,0.78706
715,Jimmie,42.94548611111111,0.78254
716,Jimmie,43.00083333333333,0.7865800000000001
717,Jimmie,43.005972222222226,0.78806
718,Jimmie,43.020486111111104,0.78578
719,Jimmie,43.04333333333334,0.78401
720,Jimmie,45.437777777777775,0.78141
721,Austin,9.410208333333333,0.51952
722,Austin,9.502222222222224,0.6652100000000001
723,Austin,9.522916666666667,0.62454
724,Austin,9.564375,0.7146100000000001
725,Austin,9.610416666666667,0.7146100000000001
726,Austin,9.624166666666667,0.7146100000000001
727,Austin,9.654097222222225,0.58539
728,Austin,9.655069444444443,0.70699
729,Austin,9.655972222222225,0.6528
730,Austin,9.657916666666667,0.70835
731,Austin,11.074583333333333,0.70835
732,Austin,11.074861111111113,0.70835
733,Austin,11.075138888888885,0.57881
734,Austin,11.075625,0.6130800000000001
735,Austin,11.076527777777779,0.57292
736,Austin,11.120347222222223,0.58553
737,Austin,11.135555555555555,0.72445
738,Austin,11.37125,0.72118
739,Austin,11.385416666666664,0.57306
740,Austin,11.429375,0.6943199999999999
741,Austin,12.527847222222224,0.57476
742,Austin,12.530486111111115,0.57476
743,Austin,12.57,0.55655
744,Austin,12.59125,0.66547
745,Austin,12.715416666666664,0.73657
746,Austin,34.54840277777778,0.55952
747,Austin,34.55,0.61779
748,Austin,34.55861111111111,0.49404
749,Austin,34.937916666666666,0.74188
750,Austin,34.939930555555556,0.73787
751,Austin,34.94097222222222,0.7396699999999999
752,Austin,34.94215277777778,0.74103
753,Austin,34.945347222222225,0.74233
754,Austin,35.010625,0.72323
755,Austin,35.04076388888889,0.72009
756,Austin,35.044930555555545,0.72188
757,Austin,35.758680555555564,0.73588
758,Austin,36.877361111111114,0.78037
759,Austin,36.94194444444445,0.78608
760,Austin,36.94930555555555,0.78414
761,Austin,36.95229166666667,0.77956
762,Austin,36.95458333333333,0.78161
763,Austin,36.96694444444445,0.78037
764,Austin,36.96791666666667,0.77891
765,Austin,36.969444444444434,0.77693
766,Austin,36.97479166666667,0.75233
767,Austin,36.978125,0.76722
768,Austin,44.771111111111104,0.76758
769,Austin,44.772847222222225,0.77522
770,Austin,44.812847222222224,0.7703800000000001
771,Austin,44.81597222222222,0.75878
772,Austin,44.85368055555556,0.7628
773,Austin,44.954097222222224,0.77135
774,Austin,44.954444444444455,0.76955
775,Austin,44.95652777777778,0.78476
776,Austin,44.96493055555555,0.78386
777,Austin,48.178472222222226,0.7850699999999999
778,Austin,48.22277777777778,0.78073
779,Austin,48.24854166666667,0.7850699999999999
780,Austin,48.25048611111111,0.78073
781,Austin,48.26743055555556,0.78342
782,Austin,48.27756944444446,0.76039
783,Austin,48.277986111111105,0.76484
784,Austin,48.35201388888889,0.7859999999999999
785,Allen,22.113263888888888,0.59139
786,Allen,41.04319444444445,0.4767
787,Allen,41.68243055555556,0.48028
788,Allen,41.712152777777774,0.46937
789,Allen,42.41236111111111,0.76222
790,Allen,42.43277777777778,0.77249
791,Allen,42.455625,0.75967
792,Allen,42.471319444444454,0.7784800000000001
793,Allen,42.47319444444445,0.7769199999999999
794,Allen,42.64625,0.76965
795,Allen,42.65138888888889,0.77208
796,Allen,42.657430555555564,0.7791399999999999
797,Allen,42.811805555555566,0.78085
798,Allen,42.813055555555565,0.76522
799,Allen,42.89013888888889,0.78085
800,Allen,42.899305555555564,0.7328399999999999
801,Dawn,27.429513888888888,0.55256
802,Dawn,28.663611111111113,0.64561
803,Dawn,47.86409722222222,0.38049
804,Dawn,47.87034722222222,0.48558
805,Dawn,47.87895833333334,0.39409
806,Dawn,47.88555555555556,0.39408
807,Dawn,47.889097222222226,0.50772
808,Dawn,47.893611111111106,0.51751
809,Dawn,47.89826388888889,0.42083
810,Dawn,47.9025,0.50815
811,Dawn,47.923611111111114,0.48663
812,Dawn,48.70263888888889,0.52689
813,Dawn,48.716111111111104,0.64755
814,Dawn,48.719097222222224,0.65271
815,Dawn,48.72180555555556,0.6533100000000001
816,Dawn,48.72576388888889,0.6533100000000001
817,Dawn,48.72611111111111,0.33814
818,Dawn,48.729791666666664,0.35322
819,Dawn,48.742222222222225,0.67005
820,Dawn,48.749027777777776,0.49294
821,Dawn,48.79340277777778,0.53155
822,Dawn,49.897430555555566,0.70202
823,Dawn,49.933125,0.66832
824,Dawn,49.963611111111106,0.682
825,Dawn,50.22097222222222,0.69311
826,Dawn,51.219305555555565,0.70155
827,Dawn,52.27395833333333,0.46133
828,Dawn,52.289027777777775,0.36056
829,Dawn,52.293263888888895,0.42238
830,Dawn,52.407430555555564,0.7219899999999999
831,Dawn,52.54673611111111,0.7781100000000001
832,Dawn,52.60694444444446,0.77232
833,Dawn,52.626319444444455,0.58185
834,Dawn,52.62840277777778,0.77836
835,Dawn,52.64638888888889,0.77208
836,Dawn,52.65520833333333,0.76815
837,Dawn,53.16034722222222,0.76266
838,Dawn,53.16916666666667,0.76928
839,Dawn,53.17659722222222,0.76944
840,Dawn,53.195555555555565,0.7683399999999999
841,Dawn,53.207708333333336,0.77836
842,Jerry,11.499791666666667,0.52573
843,Jerry,11.988125,0.52573
844,Jerry,18.917291666666667,0.6893600000000001
845,Jerry,18.920277777777773,0.67833
846,Jerry,18.92263888888889,0.6893600000000001
847,Jerry,18.925416666666667,0.6893600000000001
848,Jerry,20.815902777777783,0.76818
849,Jerry,20.824652777777782,0.77376
850,Jerry,20.83013888888889,0.77647
851,Jerry,20.836041666666667,0.7704300000000001
852,Jerry,20.845069444444444,0.76932
853,Jerry,20.86375,0.76523
854,Jerry,35.98472222222223,0.59045
855,Jerry,46.85520833333333,0.74321
856,Jerry,46.85826388888889,0.7478
857,Jerry,46.869444444444454,0.73539
858,Jerry,46.87777777777778,0.57634
859,Jerry,46.87909722222222,0.5866600000000001
860,Jerry,47.110555555555564,0.51659
861,Jerry,47.12222222222222,0.77156
862,Jerry,47.12548611111111,0.76703
863,Jerry,47.133472222222224,0.76981
864,Jerry,48.99958333333333,0.77179
865,Jerry,49.00444444444446,0.76167
866,Jerry,49.02215277777778,0.68761
867,Jerry,49.02534722222222,0.77258
868,Jerry,51.17652777777778,0.56757
869,Jerry,51.200486111111104,0.52489
870,Jerry,51.24409722222222,0.6893600000000001
871,Jerry,51.24583333333333,0.77023
872,Jerry,51.25083333333333,0.68019
873,Jerry,51.25527777777778,0.77159
874,Jerry,51.266944444444455,0.7703300000000001
875,Jerry,51.33340277777778,0.75834
876,Jerry,51.34840277777778,0.75307
877,Jerry,51.396875,0.76872
878,Jerry,52.16618055555556,0.75885
879,Jerry,52.35986111111111,0.7532399999999999
880,Jerry,52.373819444444436,0.75369
881,Jerry,52.37625,0.75232
882,Jerry,52.46770833333333,0.75995
883,Cody,32.53020833333333,0.5956899999999999
884,Cody,33.821944444444455,0.6615300000000001
885,Cody,50.60631944444446,0.7145
886,Cody,50.61333333333334,0.7166
887,Cody,50.66513888888889,0.7551899999999999
888,Cody,50.709930555555566,0.7643800000000001
889,Cody,50.711180555555565,0.75994
890,Cody,50.715763888888894,0.76381
891,Cody,50.74354166666666,0.75485
892,Cody,50.74479166666666,0.76105
893,Cody,50.766944444444455,0.76173
894,Cody,50.76868055555556,0.76153
895,Cody,51.12263888888889,0.76974
896,Cody,51.125069444444435,0.76844
897,Cody,51.13958333333333,0.76984
898,Cody,51.14541666666667,0.76148
899,Cody,51.14645833333334,0.76242
900,Cody,51.15930555555556,0.72107
901,Cody,51.166944444444454,0.72897
902,Cody,51.17979166666667,0.73247
903,Cody,51.184930555555546,0.74095
904,Cody,51.19770833333333,0.7528199999999999
905,Shelley,12.393125,0.5406
906,Shelley,12.416041666666667,0.58041
907,Shelley,12.444513888888887,0.58041
908,Shelley,15.641458333333333,0.40705
909,Shelley,36.64368055555556,0.66522
910,Shelley,39.85423611111111,0.69187
911,Shelley,39.878958333333344,0.75793
912,Shelley,39.885,0.75284
913,Shelley,40.008194444444435,0.73254
914,Shelley,40.01180555555555,0.7452300000000001
915,Shelley,40.01409722222222,0.75535
916,Shelley,40.02034722222222,0.76057
917,Shelley,40.852569444444434,0.7501800000000001
918,Shelley,40.85631944444445,0.74964
919,Shelley,40.86354166666667,0.75451
920,Shelley,40.87152777777778,0.72443
921,Shelley,40.888680555555545,0.66848
922,Shelley,41.084444444444436,0.31533
923,Shelley,41.08895833333333,0.70314
924,Shelley,41.09111111111111,0.6983199999999999
925,Shelley,41.09229166666667,0.6754399999999999
926,Shelley,41.12451388888889,0.72602
927,Shelley,50.625069444444435,0.6642
928,Shelley,50.62541666666666,0.66555
929,Shelley,50.65770833333333,0.75921
930,Shelley,50.66298611111111,0.73879
931,Shelley,50.66333333333333,0.72941
932,Shelley,50.66423611111111,0.71301
933,Shelley,50.667291666666664,0.72075
934,Shelley,51.130486111111104,0.7399600000000001
935,Shelley,51.133194444444435,0.75583
936,Shelley,51.13479166666666,0.75864
937,Shelley,51.13854166666667,0.75463
938,Shelley,51.139930555555566,0.75642
939,Shelley,51.142361111111114,0.7558
940,Shelley,51.195069444444435,0.74023
941,Shelley,51.20631944444445,0.7403
942,Shelley,51.225694444444436,0.73743
943,Shelley,51.233819444444435,0.75759
944,William,18.979097222222226,0.56593
945,William,19.816736111111116,0.53485
946,William,19.817291666666666,0.58801
947,William,19.817777777777774,0.52032
948,William,19.819375,0.4994
949,William,19.820972222222224,0.49879
950,William,19.822777777777773,0.5012
951,William,19.823333333333334,0.50059
952,William,37.042916666666656,0.50705
953,William,37.04388888888889,0.5
954,William,37.6975,0.5
955,William,37.703055555555565,0.49972
956,William,37.71659722222222,0.49972
957,William,37.74729166666667,0.7248100000000001
958,William,37.76138888888889,0.73875
959,William,37.76645833333333,0.73816
960,April,34.51618055555556,0.52766
961,April,35.213541666666664,0.5005
962,April,35.215,0.5005
963,April,37.00263888888889,0.53195
964,April,37.00833333333333,0.4996
965,April,37.01,0.50266
966,April,37.01111111111111,0.52573
967,April,37.01180555555555,0.53568
968,April,37.012083333333344,0.51144
969,April,37.01527777777777,0.73587
970,April,37.068333333333335,0.50163
971,April,48.28291666666666,0.73492
972,April,48.28479166666666,0.73587
973,April,48.28923611111111,0.64362
974,April,49.22305555555555,0.5171100000000001
975,April,49.22854166666666,0.26727
976,April,49.228611111111114,0.7327199999999999
977,April,49.23020833333333,0.50208
978,April,49.23083333333334,0.50208
979,April,49.23416666666667,0.51144
980,April,49.236736111111114,0.73587
981,April,49.236944444444454,0.7361800000000001
982,April,49.23715277777778,0.73292
983,April,49.237638888888895,0.72124
984,April,50.300625,0.5199699999999999
985,April,50.30625,0.51037
986,April,50.36229166666666,0.49476
987,April,50.36291666666666,0.5
988,April,50.46506944444446,0.73292
989,April,50.47118055555556,0.73587
990,April,50.50215277777777,0.50247
991,April,50.53354166666666,0.51144
992,April,50.533819444444454,0.5021
993,April,50.53395833333333,0.50295
994,April,51.01347222222223,0.6592399999999999
995,April,51.01416666666667,0.6635300000000001
996,April,51.01645833333333,0.73459
997,April,51.02097222222223,0.73835
998,April,51.045,0.73515
999,Erwin,41.04402777777778,0.5
1000,Erwin,42.54076388888889,0.64932
1001,Erwin,42.54444444444445,0.62757
1002,Erwin,42.569444444444436,0.7255699999999999
1003,Erwin,42.57625,0.67915
1004,Erwin,42.57680555555555,0.67498
1005,Erwin,42.58090277777778,0.65573
1006,Erwin,42.935902777777784,0.6855
1007,Erwin,42.943263888888886,0.6853600000000001
1008,Erwin,42.94868055555556,0.72611
1009,Erwin,42.98208333333334,0.61695
1010,Erwin,42.98583333333333,0.65612
1011,Erwin,43.01055555555556,0.53513
1012,Jillian,32.805486111111115,0.5151600000000001
1013,Jillian,36.00833333333333,0.5132800000000001
1014,Jillian,36.05986111111111,0.45817
1015,Jillian,37.05069444444445,0.7234
1016,Jillian,37.064375,0.60634
1017,Jillian,52.084375,0.68381
1018,Jillian,53.117152777777775,0.68693
1019,Lester,19.798125,0.71849
1020,Lester,19.81388888888889,0.71662
1021,Lester,48.282986111111114,0.5
1022,Dorothy,30.713402777777773,0.65044
1023,Dorothy,30.7875,0.6699
1024,Dorothy,30.792430555555555,0.68661
1025,Dorothy,30.797152777777782,0.7025
1026,Dorothy,30.801180555555554,0.70812
1027,Dorothy,30.80333333333333,0.7085600000000001
1028,Dorothy,30.805347222222228,0.71055
1029,Dorothy,30.808888888888887,0.70929
1030,Dorothy,30.81395833333333,0.7127899999999999
1031,Dorothy,30.990902777777773,0.65993
1032,Dorothy,31.61840277777777,0.6616
1033,Dorothy,31.61861111111111,0.68495
1034,Wanda,42.13715277777778,0.59301
1035,Wanda,42.39472222222222,0.55585
1036,Wanda,42.40486111111111,0.6220100000000001
1037,Wanda,42.406180555555565,0.64881
1038,Wanda,42.407291666666666,0.60631
1039,Wanda,42.425625,0.64881
1040,Wanda,42.46729166666667,0.66781
1041,Wanda,42.48152777777778,0.60861
1042,Wanda,42.49145833333333,0.66781
1043,Wanda,42.96826388888889,0.65841
1044,Wanda,43.005555555555546,0.61403
1045,Alexis,0.000625,0.59139
1046,Alexis,2.43625,0.76153
1047,Alexis,2.4746527777777776,0.75793
1048,Alexis,3.0827777777777787,0.75232
1049,Alexis,3.0949305555555555,0.75961
1050,Alexis,3.1645833333333333,0.7544
1051,Alexis,3.1729166666666666,0.7529
1052,Alexis,3.2532638888888887,0.75805
1053,Alexis,3.312569444444444,0.75805
1054,Alexis,3.3291666666666666,0.75202
1055,Alexis,3.4206944444444445,0.75202
1056,Alexis,3.4228472222222224,0.76052
1057,Alexis,3.604444444444444,0.75168
1058,Alexis,4.271944444444443,0.77867
1059,Alexis,4.293263888888889,0.77157
1060,Alexis,4.8424305555555565,0.74092
1061,Alexis,4.920277777777779,0.73259
1062,Alexis,4.949097222222221,0.7497199999999999
1063,Alexis,4.953055555555554,0.7555
1064,Alexis,5.4480555555555545,0.76051
1065,Alexis,5.572361111111111,0.7378600000000001
1066,Alexis,5.849444444444443,0.78923
1067,Alexis,5.894444444444446,0.76757
1068,Alexis,5.915902777777778,0.78291
1069,Alexis,6.103958333333333,0.78854
1070,Alexis,6.106527777777778,0.77431
1071,Alexis,6.113402777777778,0.77353
1072,Alexis,6.216805555555554,0.7864899999999999
1073,Alexis,6.2245833333333325,0.79648
1074,Alexis,6.935277777777778,0.79583
1075,Alexis,6.951597222222222,0.79513
1076,Alexis,6.9636805555555545,0.79478
1077,Alexis,7.020069444444443,0.76384
1078,Alexis,7.051527777777778,0.79701
1079,Alexis,7.079513888888888,0.7964899999999999
1080,Alexis,7.0858333333333325,0.7744800000000001
1081,Alexis,7.098125,0.79645
1082,Alexis,7.2675,0.79988
1083,Alexis,7.326875,0.8044100000000001
1084,Alexis,18.883333333333333,0.80404
1085,Alexis,18.88923611111111,0.80498
1086,Alexis,19.715972222222227,0.80753
1087,Alexis,20.632361111111113,0.80753
1088,Alexis,20.644652777777782,0.8076800000000001
1089,Alexis,20.653194444444445,0.80796
1090,Alexis,20.66145833333333,0.80937
1091,Alexis,20.669375,0.80908
1092,Alexis,20.728125,0.80948
1093,Alexis,20.816180555555555,0.80772
1094,Alexis,20.827986111111112,0.80877
1095,Heather,36.039791666666666,0.5685399999999999
1096,Heather,36.05375,0.56133
1097,Heather,37.71770833333333,0.759
1098,Heather,37.768194444444454,0.80881
1099,Sidney,12.470486111111109,0.7278899999999999
1100,Sidney,12.581875,0.78835
1101,Sidney,12.662847222222224,0.78708
1102,Sidney,12.6675,0.79432
1103,Sidney,13.319652777777776,0.79468
1104,Sidney,23.005694444444448,0.7943399999999999
1105,Sidney,23.187638888888888,0.79794
1106,Sidney,23.238055555555555,0.79705
1107,Sidney,31.176180555555554,0.5
1108,Sidney,31.177569444444448,0.80078
1109,Sidney,31.194722222222218,0.80148
1110,Sidney,31.30548611111111,0.8013100000000001
1111,Sidney,31.31125,0.80172
1112,Sidney,31.9425,0.80316
1113,Sidney,32.01291666666667,0.8042100000000001
1114,Sidney,32.251041666666666,0.80404
1115,Sidney,32.330416666666665,0.8052199999999999
1116,Sidney,32.333888888888886,0.80604
1117,Sidney,32.33708333333333,0.80719
1118,Sidney,32.35881944444444,0.80628
1119,Sidney,32.40763888888889,0.80535
1120,Sidney,32.49722222222222,0.77372
1121,Sidney,32.53819444444444,0.80624
1122,Sidney,33.62548611111111,0.80725
1123,Sidney,33.84208333333333,0.8071699999999999
1124,Sidney,37.13097222222222,0.73329
1125,Sidney,37.13756944444445,0.8068
1126,Sidney,37.141041666666666,0.8075
1127,Sidney,37.15673611111111,0.80602
1128,Sidney,37.167916666666656,0.8082600000000001
1129,Sidney,37.186944444444435,0.8072699999999999
1130,Sidney,37.19027777777778,0.8073600000000001
1131,Sidney,38.772569444444436,0.80743
1132,Sidney,38.773125,0.80807
1133,Sidney,43.638680555555545,0.8082600000000001
1134,Jonathan,0.514375,0.66063
1135,Jonathan,0.5374305555555555,0.74724
1136,Jonathan,1.0495138888888889,0.78745
1137,Jonathan,1.0728472222222225,0.7508
1138,Jonathan,12.268541666666666,0.79304
1139,Jonathan,36.60923611111111,0.79511
1140,Jonathan,36.609791666666666,0.7966300000000001
1141,Jonathan,36.665416666666665,0.8053
1142,Jonathan,36.765555555555565,0.80511
1143,Jonathan,40.69777777777778,0.8053899999999999
1144,Jonathan,40.7025,0.80685
1145,Jonathan,41.603611111111114,0.80199
1146,Jonathan,41.68701388888889,0.80213
1147,Jonathan,41.835902777777775,0.80243
1148,Jonathan,41.87763888888889,0.80104
1149,Jonathan,42.151875,0.80783
1150,Jonathan,42.303680555555566,0.8045100000000001
1151,Jonathan,42.317430555555546,0.80733
1152,Jonathan,42.36270833333333,0.80661
1153,Jonathan,42.367222222222225,0.80233
1154,Jonathan,42.95069444444446,0.80677
1155,Jonathan,42.95777777777778,0.8076
1156,Linda,0.1367361111111111,0.63475
1157,Linda,0.19979166666666667,0.55585
1158,Linda,0.6015972222222222,0.6219399999999999
1159,Linda,1.0654861111111111,0.53288
1160,Linda,1.0743055555555556,0.52376
1161,Linda,1.085902777777778,0.5321199999999999
1162,Linda,1.2118055555555556,0.5848
1163,Linda,1.2909027777777775,0.60393
1164,Linda,1.2979166666666666,0.5987100000000001
1165,Linda,1.3147916666666666,0.7334
1166,Linda,1.3677083333333333,0.71212
1167,Linda,1.4088194444444444,0.73806
1168,Linda,2.05375,0.73383
1169,Linda,2.092083333333333,0.73383
1170,Linda,2.2232638888888894,0.77858
1171,Linda,2.2259722222222216,0.76462
1172,Linda,2.2552777777777777,0.75089
1173,Linda,2.2659722222222216,0.75797
1174,Linda,2.297569444444445,0.76359
1175,Linda,2.486458333333333,0.7554
1176,Linda,2.5021527777777783,0.72952
1177,Linda,2.5048611111111105,0.7891600000000001
1178,Linda,3.2750694444444446,0.79218
1179,Linda,3.475208333333333,0.7903
1180,Linda,3.5915277777777783,0.79018
1181,Linda,3.737361111111111,0.79186
1182,Linda,3.8275,0.7923600000000001
1183,Linda,4.339375,0.80484
1184,Linda,4.342013888888889,0.8042100000000001
1185,Linda,4.398611111111111,0.80462
1186,Linda,4.505138888888889,0.795
1187,Linda,4.665972222222221,0.80235
1188,Linda,4.835763888888889,0.7915399999999999
1189,Linda,4.926319444444443,0.79528
1190,Linda,6.628055555555554,0.79918
1191,Linda,6.667708333333334,0.77851
1192,Linda,6.675208333333333,0.79482
1193,Linda,6.740347222222222,0.78451
1194,Linda,6.925833333333332,0.80605
1195,Linda,10.814722222222226,0.80384
1196,Linda,23.107083333333332,0.80538
1197,Linda,23.607222222222227,0.8023600000000001
1198,Linda,23.94631944444445,0.8043399999999999
1199,Linda,25.937152777777783,0.7351
1200,Linda,42.799375,0.80161
1201,Linda,44.088611111111106,0.6795399999999999
1202,Annie,27.57208333333333,0.56582
1203,Annie,27.574097222222218,0.51227
1204,Annie,27.576041666666665,0.5163800000000001
1205,Annie,27.577152777777773,0.5163800000000001
1206,Annie,27.577638888888888,0.5
1207,Annie,28.48020833333333,0.76393
1208,Annie,28.82645833333333,0.7399399999999999
1209,Annie,28.827986111111112,0.7399399999999999
1210,Annie,29.172152777777782,0.79038
1211,Annie,29.17361111111111,0.78942
1212,Annie,29.17451388888889,0.78942
1213,Annie,29.175972222222217,0.78033
1214,Annie,29.80305555555556,0.78919
1215,Annie,29.804861111111112,0.78942
1216,Annie,35.028055555555554,0.8004899999999999
1217,Annie,35.218194444444435,0.79214
1218,Annie,36.590833333333336,0.78914
1219,Annie,36.591458333333335,0.79118
1220,Annie,37.04986111111111,0.64783
1221,Annie,37.070902777777775,0.7388
1222,Annie,37.09111111111111,0.7388
1223,Annie,38.49631944444445,0.79566
1224,Annie,38.49701388888889,0.79342
1225,Annie,38.67513888888889,0.79502
1226,Annie,38.95625,0.79485
1227,Annie,38.957708333333336,0.7953100000000001
1228,Annie,38.97284722222222,0.7993399999999999
1229,Annie,39.506597222222226,0.7981
1230,Annie,39.508194444444435,0.7975300000000001
1231,Annie,39.51715277777778,0.80157
1232,Annie,39.750902777777775,0.79045
1233,Annie,39.936944444444435,0.79872
1234,Annie,39.999444444444435,0.8032600000000001
1235,Annie,40.475972222222225,0.79879
1236,Annie,40.48111111111111,0.80233
1237,Annie,41.041111111111114,0.79806
1238,Annie,41.123055555555545,0.8027
1239,Annie,41.12458333333333,0.80172
1240,Annie,41.125555555555565,0.80288
1241,Annie,41.126180555555564,0.80111
1242,Annie,41.15111111111111,0.79633
1243,Annie,41.15479166666667,0.8054399999999999
1244,Annie,41.16041666666667,0.80496
1245,Annie,41.27715277777778,0.79915
1246,Annie,41.278680555555546,0.80575
1247,Annie,41.28,0.80555
1248,Annie,41.28201388888889,0.80419
1249,Annie,41.28263888888889,0.80301
1250,Annie,41.283541666666665,0.80508
1251,Annie,41.28388888888889,0.8033600000000001
1252,Annie,41.28430555555556,0.80538
1253,Annie,41.285208333333344,0.80442
1254,Annie,41.29180555555556,0.80203
1255,Sydney,1.1252083333333334,0.5404100000000001
1256,Sydney,1.1339583333333334,0.5798300000000001
1257,Sydney,1.1349305555555556,0.60256
1258,Sydney,1.1382638888888892,0.67769
1259,Sydney,1.1955555555555557,0.76278
1260,Sydney,1.2566666666666666,0.77623
1261,Sydney,1.285625,0.7768
1262,Sydney,1.2978472222222222,0.77927
1263,Sydney,1.4545138888888889,0.77927
1264,Sydney,1.4770138888888888,0.7771899999999999
1265,Sydney,2.1034027777777777,0.50545
1266,Sydney,2.1073611111111106,0.51049
1267,Sydney,2.119305555555556,0.6458
1268,Sydney,2.1513888888888895,0.78362
1269,Sydney,2.1669444444444443,0.7850600000000001
1270,Sydney,2.2013888888888893,0.7850600000000001
1271,Sydney,2.238125,0.78623
1272,Sydney,2.257708333333333,0.7874399999999999
1273,Sydney,2.2714583333333334,0.78562
1274,Sydney,2.2742361111111107,0.7875300000000001
1275,Sydney,3.738541666666667,0.7913100000000001
1276,Sydney,3.7870138888888887,0.78314
1277,Sydney,4.354305555555555,0.79228
1278,Sydney,4.50875,0.80092
1279,Sydney,6.110486111111111,0.80532
1280,Sydney,7.215625,0.79808
1281,Sydney,8.906388888888891,0.7962199999999999
1282,Sydney,9.232291666666667,0.80243
1283,Sydney,27.019305555555555,0.727
1284,Sydney,27.349166666666665,0.79479
1285,Sydney,36.95715277777778,0.79575
1286,Sydney,40.891736111111115,0.79709
1287,Sydney,41.87055555555556,0.7961
1288,Sydney,42.40916666666666,0.79865
1289,Eleanor,4.744513888888889,0.70572
1290,Eleanor,4.856875,0.71635
1291,Eleanor,4.888472222222221,0.69799
1292,Eleanor,4.890555555555554,0.69614
1293,Eleanor,4.9636805555555545,0.7114699999999999
1294,Eleanor,5.027152777777777,0.6967300000000001
1295,Eleanor,5.030347222222222,0.67433
1296,Eleanor,5.033541666666666,0.71437
1297,Eleanor,5.036736111111111,0.7159
1298,Eleanor,5.039305555555557,0.71519
1299,Eleanor,5.413819444444443,0.6542399999999999
1300,Eleanor,5.418472222222222,0.67296
1301,Eleanor,5.420555555555557,0.65974
1302,Eleanor,5.498680555555557,0.74182
1303,Eleanor,5.752361111111112,0.7559899999999999
1304,Eleanor,5.872986111111112,0.7519
1305,Eleanor,5.9375,0.7611399999999999
1306,Eleanor,5.939166666666668,0.7611399999999999
1307,Eleanor,6.2666666666666675,0.75615
1308,Eleanor,6.276041666666668,0.76036
1309,Eleanor,6.794097222222222,0.7645
1310,Eleanor,6.942152777777778,0.76627
1311,Eleanor,7.00125,0.7549399999999999
1312,Eleanor,7.009861111111111,0.78003
1313,Eleanor,7.097638888888889,0.78075
1314,Eleanor,7.098888888888888,0.77876
1315,Eleanor,9.585763888888891,0.77769
1316,Eleanor,9.587291666666667,0.7774
1317,Eleanor,11.020902777777776,0.7853899999999999
1318,Eleanor,11.132708333333332,0.79233
1319,Eleanor,11.156041666666667,0.78782
1320,Eleanor,11.234583333333333,0.79046
1321,Eleanor,12.414166666666668,0.79276
1322,Eleanor,18.632986111111116,0.79427
1323,Eleanor,18.747291666666666,0.7847
1324,Eleanor,18.752916666666668,0.79568
1325,Eleanor,18.885,0.79603
1326,Eleanor,18.925,0.79443
1327,Eleanor,18.92708333333333,0.7952199999999999
1328,Eleanor,19.504375,0.79189
1329,Eleanor,19.513194444444444,0.79591
1330,Eleanor,19.520625,0.7922100000000001
1331,Eleanor,19.539513888888887,0.78871
1332,Eleanor,19.553819444444443,0.79508
1333,Eleanor,20.110208333333333,0.79301
1334,Eleanor,20.111875,0.79027
1335,Eleanor,20.13118055555556,0.79043
1336,Eleanor,25.94298611111111,0.78955
1337,Eleanor,25.94416666666667,0.79181
1338,Eleanor,26.12125,0.78398
1339,Eleanor,26.210069444444446,0.78874
1340,Eleanor,26.224097222222227,0.78335
1341,Eleanor,28.748125,0.79394
1342,Eleanor,28.75486111111111,0.79505
1343,Eleanor,29.379097222222217,0.7923600000000001
1344,Eleanor,29.485972222222227,0.80095
1345,Eleanor,29.530486111111113,0.80247
1346,Eleanor,29.576875,0.80324
1347,Eleanor,29.581944444444453,0.80324
1348,Eleanor,38.91166666666667,0.80311
1349,Eleanor,41.183958333333344,0.80469
1350,Eleanor,41.73027777777778,0.80301
1351,Eleanor,41.734791666666666,0.80469
1352,Eleanor,41.82506944444445,0.80277
1353,Eleanor,41.965833333333336,0.80313
1354,Eleanor,41.98569444444445,0.80356
1355,Eleanor,42.305069444444435,0.7962899999999999
1356,Eleanor,42.40375,0.80315
1357,Andrew,1.887708333333333,0.59223
1358,Andrew,1.9404861111111111,0.64248
1359,Andrew,1.9434722222222225,0.7618
1360,Andrew,2.03375,0.79351
1361,Andrew,37.93291666666666,0.7924399999999999
1362,Andrew,38.566458333333344,0.78606
1363,Andrew,38.713194444444454,0.78179
1364,Andrew,38.740902777777784,0.78182
1365,Andrew,38.755625,0.7710199999999999
1366,Andrew,38.760347222222215,0.7690600000000001
1367,Andrew,38.77111111111111,0.78062
1368,Andrew,38.82909722222223,0.8029999999999999
1369,Andrew,38.83888888888889,0.80302
1370,Andrew,38.85576388888889,0.80277
1371,Andrew,40.757569444444435,0.78441
1372,Emmett,31.215069444444445,0.58683
1373,Emmett,39.174166666666665,0.80208
1374,Emmett,41.69597222222223,0.80208
1375,Emmett,42.38597222222222,0.79613
1376,Emmett,42.52826388888889,0.79613
1377,Emmett,42.53590277777778,0.79613
1378,Emmett,42.5425,0.79613
1379,Emmett,42.54708333333333,0.79613
1380,Emmett,42.91375,0.79503
1381,Emmett,42.91666666666666,0.7962100000000001
1382,Emmett,42.91840277777778,0.79415
1383,Emmett,42.920763888888885,0.79456
1384,Emmett,42.935833333333335,0.79451
1385,Mary,0.17256944444444444,0.6682600000000001
1386,Mary,0.4973611111111111,0.75561
1387,Mary,0.5413888888888889,0.7924899999999999
1388,Mary,0.9911111111111112,0.7590899999999999
1389,Mary,1.4333333333333331,0.7943399999999999
1390,Mary,1.4629861111111107,0.76298
1391,Mary,1.4784027777777775,0.7906
1392,Mary,1.4898611111111106,0.71268
1393,Mary,1.779375,0.78593
1394,Mary,1.7824305555555555,0.78625
1395,Mary,1.8088888888888892,0.75264
1396,Mary,1.8235416666666664,0.72244
1397,Mary,1.839375,0.79196
1398,Mary,1.899305555555556,0.7247
1399,Mary,1.9275694444444444,0.7057399999999999
1400,Mary,2.000486111111111,0.7874399999999999
1401,Mary,2.071458333333333,0.79791
1402,Mary,2.1854861111111106,0.79774
1403,Mary,4.246805555555556,0.79699
1404,Mary,4.272013888888889,0.79855
1405,Mary,4.341666666666667,0.7943600000000001
1406,Mary,4.375694444444443,0.80094
1407,Mary,4.421875,0.79742
1408,Mary,4.5069444444444455,0.79567
1409,Mary,4.648402777777778,0.80024
1410,Mary,4.679444444444443,0.80202
1411,Mary,4.797638888888889,0.7994399999999999
1412,Mary,4.934027777777779,0.7963100000000001
1413,Mary,5.4504166666666665,0.79309
1414,Mary,5.6816666666666675,0.8016300000000001
1415,Mary,5.92,0.79203
1416,Mary,6.6954166666666675,0.79293
1417,Mary,7.114722222222222,0.7911
1418,Mary,7.120902777777778,0.7876
1419,Mary,7.173125,0.79398
1420,Mary,7.231875,0.79864
1421,Mary,8.700555555555555,0.7965899999999999
1422,Mary,9.012777777777778,0.7995399999999999
1423,Mary,9.392152777777778,0.79495
1424,Mary,11.825833333333335,0.7984899999999999
1425,Mary,11.928819444444445,0.79885
1426,Mary,11.932222222222224,0.79916
1427,Mary,11.937638888888891,0.79694
1428,Mary,11.950277777777776,0.79388
1429,Mary,11.956041666666666,0.78791
1430,Mary,11.959652777777777,0.79388
1431,Mary,11.964861111111109,0.78645
1432,Mary,11.968680555555556,0.78975
1433,Mary,11.974027777777776,0.78975
1434,Mary,33.39465277777778,0.79733
1435,Mary,35.114375,0.79592
1436,Mary,38.78173611111111,0.79906
1437,Mary,38.96451388888889,0.79909
1438,Mary,40.475138888888885,0.79925
1439,Jessie,28.54375,0.7630899999999999
1440,Jessie,28.601944444444445,0.75574
1441,Jessie,28.60784722222223,0.76436
1442,Jessie,28.6425,0.76661
1443,Jessie,28.68611111111111,0.7944100000000001
1444,Jessie,39.941458333333344,0.79096
1445,Jessie,39.95722222222222,0.78887
1446,Jessie,40.0325,0.7673
1447,Jessie,40.04972222222222,0.7933100000000001
1448,Jessie,40.05194444444445,0.79802
1449,Jessie,40.07506944444445,0.79805
1450,Jessie,40.07909722222223,0.7975800000000001
1451,Jessie,40.08,0.79645
1452,Jessie,40.125902777777775,0.7915800000000001
1453,Jessie,40.126736111111114,0.78592
1454,Jessie,40.66944444444445,0.65796
1455,Jessie,40.689722222222215,0.79679
1456,Jessie,42.456875,0.79406
1457,Jessie,42.45861111111111,0.79984
1458,Jessie,42.46534722222222,0.79933
1459,Jessie,42.469861111111115,0.80179
1460,Jessie,42.474305555555546,0.79504
1461,Jessie,42.481875,0.80072
1462,Charlotte,4.941666666666666,0.75593
1463,Charlotte,4.946041666666667,0.74579
1464,Charlotte,5.031319444444446,0.75173
1465,Charlotte,5.7657638888888885,0.7640600000000001
1466,Charlotte,5.779583333333332,0.76664
1467,Charlotte,6.075277777777778,0.7664300000000001
1468,Charlotte,7.216736111111111,0.7864
1469,Charlotte,7.222013888888888,0.78459
1470,Charlotte,7.364097222222222,0.7820699999999999
1471,Charlotte,7.3644444444444455,0.78333
1472,Charlotte,7.366875,0.7926
1473,Charlotte,7.374513888888888,0.79283
1474,Charlotte,27.53263888888889,0.73601
1475,Charlotte,27.53388888888889,0.7388
1476,Charlotte,32.70798611111111,0.78589
1477,Charlotte,32.80590277777777,0.7941
1478,Charlotte,32.87222222222222,0.7949
1479,Charlotte,32.893541666666664,0.79374
1480,Charlotte,32.89375,0.7963399999999999
1481,Charlotte,32.90270833333334,0.79797
1482,Charlotte,32.914097222222225,0.79891
1483,Charlotte,32.934583333333336,0.80143
1484,Charlotte,32.947291666666665,0.80067
1485,Charlotte,32.96395833333333,0.80138
1486,Charlotte,33.80486111111111,0.80093
1487,Charlotte,37.616805555555565,0.8012699999999999
1488,Charlotte,39.483194444444436,0.7982600000000001
1489,Charlotte,41.04354166666667,0.79245
1490,Charlotte,41.12347222222222,0.7995899999999999
1491,Charlotte,41.22423611111111,0.7923899999999999
1492,Charlotte,41.850138888888885,0.79308
1493,Charlotte,42.36763888888889,0.78987
1494,Charlotte,42.534791666666656,0.78467
1495,Charlotte,42.53888888888889,0.79493
1496,Charlotte,42.865277777777784,0.78899
1497,Ryan,0.05520833333333333,0.59528
1498,Ryan,1.5396527777777778,0.77167
1499,Ryan,2.285,0.7723899999999999
1500,Ryan,36.774791666666665,0.7388
1501,Ryan,39.76520833333333,0.77633
1502,Ryan,39.776319444444454,0.76988
1503,Ryan,40.086736111111115,0.76988
1504,Ryan,40.102777777777774,0.76988
1505,Ryan,40.115763888888885,0.76988
1506,Ryan,40.13875,0.76988
1507,Ryan,40.142291666666665,0.76988
1508,Ryan,40.14673611111111,0.76988
1509,Ryan,40.14854166666667,0.76988
1510,Ryan,40.156875,0.76988
1511,Ryan,40.47472222222222,0.7832399999999999
1512,Ryan,40.49611111111111,0.79276
1513,Ryan,41.587222222222216,0.7936
1514,Ryan,41.76145833333333,0.79399
1515,Ryan,41.798541666666665,0.8013600000000001
1516,Ryan,42.32569444444445,0.7968
1517,Ryan,42.46326388888889,0.79684
1518,Ramona,27.515555555555554,0.7388
1519,Ramona,32.65756944444445,0.79471
1520,Ramona,32.66354166666667,0.79467
1521,Ramona,32.674097222222215,0.7936
1522,Ramona,32.68270833333333,0.7947
1523,Ramona,32.89270833333333,0.78998
1524,Ramona,32.896875,0.79471
1525,Ramona,36.58263888888889,0.7956
1526,Ramona,36.58583333333333,0.79471
1527,Ramona,36.58777777777778,0.79427
1528,Ramona,36.65319444444445,0.79347
1529,Ramona,36.65583333333333,0.79487
1530,Ramona,37.047569444444434,0.795
1531,Ramona,37.051875,0.79127
1532,Ramona,37.052430555555546,0.79397
1533,Ramona,37.054444444444435,0.79323
1534,Ramona,37.056319444444455,0.7942899999999999
1535,Ramona,37.14368055555556,0.7937
1536,Ramona,37.144375,0.79264
1537,Ramona,37.450763888888886,0.79283
1538,Ramona,37.45298611111111,0.79802
1539,Ramona,37.56513888888889,0.8009999999999999
1540,Ramona,37.90479166666667,0.7956300000000001
1541,Ramona,41.10694444444445,0.79484
1542,Ramona,41.17326388888889,0.79802
1543,Ramona,41.17465277777778,0.8009999999999999
1544,Ramona,41.177638888888886,0.80125
1545,Ramona,42.43666666666667,0.79785
1546,Ramona,42.437916666666666,0.8005899999999999
1547,Ramona,43.042638888888895,0.8007
1548,Ramona,43.04291666666666,0.7979
1549,Ramona,43.04701388888889,0.8003100000000001
1550,Christopher,0.0,0.5909300000000001
1551,Christopher,29.85743055555556,0.67504
1552,Christopher,31.301111111111112,0.3146
1553,Christopher,31.304652777777783,0.73411
1554,Christopher,31.33361111111111,0.7388
1555,Christopher,36.99631944444445,0.73851
1556,Christopher,37.00083333333333,0.7388
1557,Christopher,38.13048611111111,0.7652100000000001
1558,Christopher,38.15152777777778,0.7691899999999999
1559,Christopher,38.602847222222216,0.77
1560,Christopher,38.618125,0.77045
1561,Christopher,38.62680555555556,0.76926
1562,Christopher,38.62840277777778,0.76978
1563,Christopher,38.63013888888889,0.77079
1564,Christopher,38.633680555555564,0.7714300000000001
1565,Christopher,38.732777777777784,0.77231
1566,Christopher,38.756319444444436,0.77057
1567,Christopher,38.869236111111114,0.7893899999999999
1568,Christopher,39.05701388888889,0.7889
1569,Christopher,39.57673611111111,0.78937
1570,Christopher,39.59340277777777,0.79899
1571,Christopher,39.60631944444445,0.8005800000000001
1572,Christopher,39.72958333333333,0.79219
1573,Christopher,40.15291666666667,0.79732
1574,Christopher,40.153888888888886,0.79251
1575,Christopher,40.95375,0.7953399999999999
1576,Christopher,40.98840277777778,0.79592
1577,Christopher,40.991597222222225,0.7973600000000001
1578,Christopher,41.00958333333333,0.79035
1579,Christopher,41.010694444444454,0.7984399999999999
1580,Christopher,41.01319444444445,0.7976300000000001
1581,Jessica,38.01840277777778,0.7138899999999999
1582,Jessica,38.01888888888889,0.7137899999999999
1583,Jessica,38.01965277777778,0.67392
1584,Jessica,38.072569444444454,0.71138
1585,Jessica,38.124722222222225,0.67688
1586,Jessica,39.45652777777778,0.64541
1587,Jessica,39.507569444444435,0.72437
1588,Jessica,39.521875,0.72578
1589,Jessica,39.62909722222222,0.74064
1590,Jessica,39.688194444444434,0.73814
1591,Jessica,39.841527777777785,0.74164
1592,Jessica,40.046805555555565,0.73795
1593,Jessica,40.056041666666665,0.74166
1594,Jessica,40.61652777777777,0.71349
1595,Jessica,40.6925,0.70287
1596,Jessica,40.742569444444435,0.77874
1597,Jessica,41.01847222222222,0.72802
1598,Jessica,41.15180555555556,0.7799699999999999
1599,Jessica,41.15493055555555,0.76949
1600,Jessica,41.79951388888889,0.73141
1601,Jessica,41.80298611111111,0.7834800000000001
1602,Jessica,41.82361111111111,0.77375
1603,Jessica,42.00138888888889,0.77466
1604,Jessica,42.31854166666667,0.7875800000000001
1605,Jessica,42.41944444444445,0.7622899999999999
1606,Jessica,42.453055555555565,0.7883899999999999
1607,Jessica,42.45763888888889,0.7888
1608,Jessica,42.46340277777778,0.7893600000000001
1609,Jessica,42.47180555555556,0.78857
1610,Jessica,42.85527777777778,0.79873
1611,Jessica,43.01180555555555,0.79975
1612,Jessica,43.03013888888889,0.51454
1613,Jessica,43.03076388888889,0.79806
1614,Jessica,43.039375,0.80038
1615,Jessica,43.04979166666666,0.8003899999999999
1616,Brett,2.6086111111111108,0.76662
1617,Brett,2.6435416666666667,0.7630600000000001
1618,Brett,3.673819444444444,0.76512
1619,Brett,3.7009027777777783,0.7547
1620,Brett,5.037847222222221,0.76374
1621,Brett,5.07625,0.77049
1622,Brett,5.782777777777778,0.78833
1623,Brett,6.000694444444443,0.78582
1624,Brett,26.92625,0.7388
1625,Brett,28.06520833333333,0.78833
1626,Brett,38.98868055555555,0.7905
1627,Brett,39.02618055555556,0.7863
1628,Brett,39.07451388888889,0.7914100000000001
1629,Brett,40.955069444444455,0.8002199999999999
1630,Brett,40.959652777777784,0.80025
1631,Orlando,0.5763194444444445,0.5895
1632,Orlando,0.5794444444444444,0.50343
1633,Orlando,0.6053472222222223,0.5813699999999999
1634,Orlando,1.3454166666666667,0.55061
1635,Orlando,1.3663888888888889,0.52542
1636,Orlando,20.88173611111111,0.5191399999999999
1637,Orlando,21.584444444444447,0.5088699999999999
1638,Orlando,21.59833333333333,0.72154
1639,Orlando,21.640694444444453,0.61649
1640,Orlando,21.65875,0.61721
1641,Orlando,21.65979166666667,0.72141
1642,Orlando,21.664027777777783,0.501
1643,Orlando,21.67208333333333,0.59025
1644,Orlando,21.720069444444448,0.68033
1645,Orlando,21.723541666666666,0.72029
1646,Orlando,21.73215277777777,0.71275
1647,Orlando,25.370347222222218,0.70177
1648,Orlando,25.373125,0.71312
1649,Orlando,25.37854166666667,0.7527699999999999
1650,Orlando,25.38458333333333,0.75168
1651,Orlando,25.39020833333333,0.76186
1652,Orlando,25.39270833333333,0.7639699999999999
1653,Orlando,25.397361111111113,0.76763
1654,Orlando,25.413125,0.59118
1655,Orlando,25.659375,0.78546
1656,Orlando,25.668819444444445,0.76041
1657,Orlando,26.61729166666667,0.7851100000000001
1658,Orlando,26.620694444444453,0.78674
1659,Orlando,26.63020833333333,0.79085
1660,Orlando,26.68180555555556,0.78173
1661,Orlando,26.684166666666666,0.79265
1662,Orlando,26.694722222222218,0.79281
1663,Orlando,26.741944444444453,0.6924899999999999
1664,Orlando,26.745277777777773,0.6926399999999999
1665,Orlando,26.761875,0.56653
1666,Orlando,26.770138888888887,0.7844300000000001
1667,Orlando,28.39986111111111,0.79071
1668,Orlando,28.405972222222218,0.79504
1669,Orlando,28.5325,0.79266
1670,Orlando,28.661388888888887,0.79115
1671,Orlando,28.72875,0.79088
1672,Orlando,28.73173611111111,0.79169
1673,Orlando,28.73638888888889,0.78984
1674,Orlando,28.74048611111111,0.78984
1675,Orlando,28.750486111111112,0.7913100000000001
1676,Orlando,28.788611111111113,0.79491
1677,Orlando,29.26104166666667,0.79591
1678,Orlando,29.86902777777777,0.79588
1679,Orlando,30.851805555555554,0.79437
1680,Orlando,31.163194444444446,0.77768
1681,Orlando,38.99583333333333,0.20734
1682,Orlando,39.000555555555565,0.79223
1683,Orlando,40.554722222222225,0.20476
1684,Orlando,40.55979166666667,0.79473
1685,Orlando,43.710902777777775,0.7236100000000001
1686,Orlando,43.719444444444434,0.72487
1687,Orlando,43.72229166666666,0.72487
1688,Orlando,43.72930555555556,0.80002
1689,Michael,4.752777777777778,0.70267
1690,Michael,13.156944444444445,0.75583
1691,Michael,13.204722222222221,0.77308
1692,Michael,13.215694444444445,0.78857
1693,Michael,16.026875,0.78767
1694,Michael,16.814375,0.79493
1695,Michael,16.829375,0.79232
1696,Michael,34.06638888888889,0.7913100000000001
1697,Michael,34.53520833333334,0.79003
1698,Michael,34.58493055555556,0.79382
1699,Michael,37.05680555555556,0.7947
1700,Michael,37.17520833333333,0.79568
1701,Michael,37.18215277777778,0.7952199999999999
1702,Michael,37.18881944444445,0.7952199999999999
1703,Michael,37.20701388888889,0.78528
1704,Michael,37.218055555555566,0.78463
1705,Michael,37.22305555555555,0.77366
1706,Michael,41.27277777777777,0.77895
1707,Michael,41.28875,0.7958
1708,Michael,41.312222222222225,0.79014
1709,Michael,41.31652777777778,0.79476
1710,Michael,41.325,0.7935399999999999
1711,Michael,41.829861111111114,0.79798
1712,Michael,41.99173611111111,0.77008
1713,Michael,42.024861111111115,0.7605
1714,Michael,42.04215277777778,0.75242
1715,Michael,42.285625,0.78241
1716,Michael,42.545972222222225,0.78241
1717,Michael,42.565625,0.79798
1718,Michael,44.69256944444446,0.79662
1719,Michael,44.69486111111111,0.79847
1720,Michael,44.701875,0.7979999999999999
1721,Michael,44.70361111111111,0.7986800000000001
1722,Michael,44.70520833333333,0.7994
1723,Michael,44.70645833333333,0.79867
1724,Michael,44.70784722222222,0.79925
1725,Marilynn,0.283125,0.75671
1726,Marilynn,0.2870138888888889,0.76825
1727,Marilynn,0.32090277777777776,0.77122
1728,Marilynn,0.3320138888888889,0.77552
1729,Marilynn,0.3370833333333333,0.75343
1730,Marilynn,2.108055555555556,0.77796
1731,Marilynn,2.133680555555556,0.76423
1732,Marilynn,2.1363888888888893,0.75302
1733,Marilynn,2.1484722222222223,0.75302
1734,Marilynn,2.150416666666666,0.75302
1735,Marilynn,2.1511111111111108,0.76902
1736,Marilynn,2.1932638888888887,0.64391
1737,Marilynn,2.2172916666666667,0.78149
1738,Marilynn,2.2199305555555555,0.779
1739,Marilynn,2.221597222222222,0.779
1740,Marilynn,11.175,0.7682399999999999
1741,Marilynn,11.292152777777776,0.63347
1742,Marilynn,11.292569444444444,0.63722
1743,Marilynn,11.295902777777776,0.61534
1744,Marilynn,11.393819444444444,0.75907
1745,Marilynn,11.395902777777776,0.76699
1746,Marilynn,11.422083333333333,0.7659199999999999
1747,Marilynn,11.448472222222223,0.74664
1748,Marilynn,11.472847222222226,0.7608199999999999
1749,Marilynn,11.473055555555556,0.7608199999999999
1750,Marilynn,11.885625,0.7797
1751,Marilynn,11.885833333333334,0.7844800000000001
1752,Marilynn,11.889027777777779,0.76677
1753,Marilynn,11.903611111111115,0.75421
1754,Marilynn,11.907569444444444,0.7731399999999999
1755,Marilynn,11.929375,0.76439
1756,Marilynn,11.990347222222226,0.7751100000000001
1757,Marilynn,12.021388888888891,0.7751100000000001
1758,Marilynn,12.407569444444444,0.77367
1759,Marilynn,12.412916666666666,0.77158
1760,Marilynn,13.192222222222224,0.76968
1761,Marilynn,14.798125,0.77637
1762,Marilynn,14.803958333333336,0.75736
1763,Marilynn,14.812847222222222,0.7712600000000001
1764,Marilynn,14.817986111111109,0.7662100000000001
1765,Marilynn,14.818958333333333,0.7723899999999999
1766,Marilynn,14.847013888888887,0.76968
1767,Marilynn,16.539305555555554,0.76791
1768,Marilynn,16.564930555555556,0.7710100000000001
1769,Marilynn,18.48611111111111,0.77488
1770,Marilynn,18.48645833333333,0.76947
1771,Marilynn,18.48673611111111,0.77081
1772,Marilynn,18.486944444444443,0.77488
1773,Marilynn,18.48708333333333,0.75462
1774,Marilynn,18.67458333333333,0.7004
1775,Marilynn,18.737222222222226,0.7148
1776,Marilynn,18.742916666666666,0.75
1777,Marilynn,18.745347222222218,0.78195
1778,Marilynn,18.750833333333333,0.77354
1779,Marilynn,19.580902777777773,0.76567
1780,Marilynn,28.68527777777777,0.74417
1781,Marilynn,28.72861111111111,0.77358
1782,Marilynn,28.758472222222228,0.77579
1783,Marilynn,28.773263888888888,0.77579
1784,Marilynn,28.778958333333332,0.78227
1785,Marilynn,28.785555555555554,0.78003
1786,Marilynn,28.787152777777774,0.7803
1787,Marilynn,36.53611111111111,0.72802
1788,Marilynn,37.62965277777778,0.7612399999999999
1789,Marilynn,37.63465277777778,0.76622
1790,Marilynn,37.66013888888889,0.76957
1791,Marilynn,40.618402777777774,0.77455
1792,Marilynn,40.63236111111111,0.7711899999999999
1793,Marilynn,40.641875,0.76088
1794,Marilynn,40.73805555555556,0.7822600000000001
1795,Marilynn,40.74145833333333,0.78403
1796,Marilynn,40.747777777777785,0.76595
1797,Marilynn,40.77229166666667,0.74563
1798,Marilynn,40.777708333333344,0.74262
1799,Marilynn,40.80805555555556,0.7431800000000001
1800,Marilynn,40.913194444444436,0.7832399999999999
1801,Marilynn,41.586180555555565,0.7896
1802,Marilynn,41.586319444444435,0.79118
1803,Marilynn,41.586736111111115,0.79503
1804,Marilynn,41.586944444444434,0.79146
1805,Marilynn,41.58770833333333,0.79428
1806,Marilynn,41.587847222222216,0.7933399999999999
1807,Marilynn,41.74395833333333,0.79283
1808,Marilynn,41.744166666666665,0.7915
1809,Marilynn,41.744444444444454,0.7904100000000001
1810,Marilynn,41.744722222222215,0.79057
1811,Marilynn,42.932222222222215,0.79602
1812,Marilynn,42.94875,0.7971
1813,Marilynn,43.0025,0.7974899999999999
1814,Marilynn,43.00291666666666,0.79673
1815,Marilynn,43.00319444444445,0.79655
1816,Marilynn,43.005138888888894,0.79627
1817,Marilynn,43.035138888888895,0.79651
1818,Marilynn,43.035833333333336,0.79665
1819,Marilynn,43.03625,0.7969
1820,Marilynn,43.04319444444446,0.79885
1821,Joseph,3.455,0.5902
1822,Joseph,3.5034722222222223,0.58739
1823,Joseph,3.5080555555555555,0.7327100000000001
1824,Joseph,3.5246527777777783,0.73332
1825,Joseph,3.562361111111111,0.7670100000000001
1826,Joseph,3.5770138888888887,0.76694
1827,Joseph,4.436041666666667,0.77649
1828,Joseph,4.533194444444446,0.77345
1829,Joseph,4.575763888888889,0.7751399999999999
1830,Joseph,4.594861111111111,0.77387
1831,Joseph,4.812291666666667,0.72329
1832,Joseph,4.827361111111111,0.7736
1833,Joseph,5.915416666666666,0.76655
1834,Joseph,5.939791666666666,0.76147
1835,Joseph,5.940972222222222,0.77694
1836,Joseph,6.730625,0.7691
1837,Joseph,6.737291666666668,0.7935800000000001
1838,Joseph,6.880486111111112,0.7884399999999999
1839,Joseph,6.885902777777778,0.78582
1840,Joseph,6.903680555555557,0.79292
1841,Joseph,6.929375,0.7915800000000001
1842,Joseph,6.945486111111111,0.78668
1843,Joseph,6.948958333333334,0.78676
1844,Joseph,6.959583333333334,0.78236
1845,Joseph,13.247152777777776,0.78373
1846,Joseph,22.51395833333333,0.79151
1847,Joseph,22.517291666666665,0.7784
1848,Joseph,22.52090277777777,0.79298
1849,Joseph,35.792291666666664,0.73378
1850,Joseph,43.07652777777778,0.78993
1851,Joseph,43.080625,0.78879
1852,Joseph,43.09361111111111,0.79609
1853,Joseph,43.10645833333334,0.7988
1854,Joseph,43.108402777777776,0.79475
1855,Joseph,43.110277777777775,0.79681
1856,Joseph,43.116944444444435,0.7934100000000001
1857,Joseph,43.120763888888895,0.7958
1858,Diana,39.01923611111111,0.58467
1859,Diana,39.496041666666656,0.77377
1860,Diana,39.76222222222222,0.79289
1861,Diana,39.84472222222223,0.79227
1862,Diana,39.87111111111111,0.79309
1863,Diana,40.56666666666667,0.79313
1864,Diana,40.59194444444445,0.79284
1865,Diana,40.867152777777775,0.7951699999999999
1866,Diana,41.13659722222222,0.79703
1867,Diana,41.14388888888889,0.79556
1868,Diana,42.020208333333336,0.79591
1869,Diana,42.040069444444434,0.79862
1870,Diana,42.054652777777775,0.79794
1871,Diana,42.05881944444445,0.79875
1872,Diana,42.48340277777777,0.79305
1873,Diana,42.51965277777778,0.47316
1874,Diana,42.533194444444455,0.7243
1875,Diana,42.543958333333336,0.71848
1876,Sabrina,29.9375,0.57593
1877,Sabrina,38.78548611111111,0.7412
1878,Sabrina,38.790972222222216,0.76327
1879,Sabrina,39.81402777777778,0.76617
1880,Sabrina,40.08013888888889,0.7726
1881,Sabrina,40.1025,0.7736
1882,Sabrina,40.10625,0.76974
1883,Sabrina,40.11020833333333,0.76246
1884,Sabrina,40.14333333333333,0.75453
1885,Sabrina,40.14625,0.77
1886,Sabrina,40.66055555555555,0.78076
1887,Sabrina,40.70618055555556,0.78162
1888,Sabrina,40.85840277777777,0.7896
1889,Sabrina,41.14,0.7975899999999999
1890,Sabrina,41.171944444444435,0.73005
1891,Sabrina,41.25798611111111,0.7974600000000001
1892,Edith,35.013263888888886,0.50192
1893,Edith,35.05840277777778,0.5908100000000001
1894,Edith,36.49451388888889,0.78372
1895,Edith,36.60465277777778,0.79713
1896,Edith,36.86145833333333,0.77559
1897,Edith,36.88555555555556,0.68952
1898,Edith,36.892986111111114,0.79656
1899,Edith,36.97770833333333,0.79656
1900,Audrey,36.969166666666666,0.48482
1901,Audrey,37.03305555555556,0.6509199999999999
1902,Megan,28.830416666666668,0.58194
1903,Megan,29.59972222222223,0.59422
1904,Sandra,0.4321527777777778,0.58438
1905,Sandra,0.4389583333333333,0.57731
1906,Sandra,0.4406944444444445,0.57716
1907,Sandra,0.4468055555555556,0.5873
1908,Sandra,0.4488888888888889,0.58668
1909,Sandra,4.6568055555555565,0.5873
1910,Lee,36.663194444444436,0.5113800000000001
1911,Lee,36.68618055555555,0.52353
1912,Lee,36.689861111111114,0.5091
